United States (USD),China (CNY),Hong Kong (HKD),Taiwan (TWD),Singapore (SGD),Malaysia (MYR),Philippines (PHP),Australia (AUD),Germany (EUR),Japan (JPY),Canada (CAD),Brazil (BRL),Thailand (THB),Vietnam (VND),Portugal (EUR),Honduras (USD),Paraguay (USD),Croatia (HRK),Hungary (HUF),Qatar (QAR),Indonesia (IDR),Ireland (EUR),Israel (ILS),United Arab Emirates (AED),India (INR),Afghanistan (USD),South Africa (ZAR),Iraq (USD),Iceland (USD),Albania (USD),Italy (EUR),Armenia (USD),Argentina (USD),Austria (EUR),Zambia (USD),Romania (RON),Bosnia and Herzegovina (EUR),Barbados (USD),Serbia (EUR),Russia (RUB),Belgium (EUR),Bulgaria (BGN),Rwanda (USD),Bahrain (USD),Bolivia (USD),Saudi Arabia (SAR),Sweden (SEK),Slovenia (EUR),Belarus (USD),Slovakia (EUR),"Congo, Democratic Republic of (USD)",El Salvador (USD),Switzerland (CHF),Cote D'Ivoire (USD),South Korea (KRW),Chile (CLP),Cameroon (USD),China (CNY),Colombia (COP),Costa Rica (USD),Kazakhstan (KZT),Cyprus (EUR),Czech Republic (CZK),Tonga (USD),Turkey (TRY),Tanzania (TZS),Denmark (DKK),Lithuania (EUR),Luxembourg (EUR),Latvia (EUR),Dominican Republic (USD),Ukraine (USD),Libya (USD),Morocco (USD),Moldova (USD),Montenegro (EUR),Ecuador (USD),Estonia (EUR),Myanmar (USD),Egypt (EGP),Uruguay (USD),Uzbekistan (USD),Malta (EUR),Maldives (USD),Mexico (MXN),Spain (EUR),Nigeria (NGN),Nicaragua (USD),Netherlands (EUR),Vanuatu (USD),Norway (NOK),Finland (EUR),Nauru (USD),France (EUR),New Zealand (NZD),Gabon (USD),United Kingdom (GBP),Georgia (USD),Greece (EUR),Guatemala (USD),Panama (USD),Kosovo (EUR),Peru (PEN),Pakistan (PKR),Poland (PLN)
0.99,6,8,33,1.48,3.9,49,1.49,1.09,120,1.39,3.9,29,22000,1.09,0.99,0.99,8.99,349,3.69,15000,1.09,3.5,3.69,79,0.99,14.99,0.99,1.23,1.19,1.09,1.19,0.99,1.09,0.99,4.99,1.09,1.19,1.09,75,1.09,1.99,0.99,0.99,0.99,3.69,12,1.09,1.19,1.09,0.99,0.99,1,0.99,1200,690,0.99,6,3900,0.99,399,1.09,25,0.99,6.99,2200,9,1.09,1.09,1.09,0.99,0.99,0.99,0.99,1.19,0.89,0.99,1.09,0.99,16.99,0.99,1.19,1.09,0.99,19,1.09,350,0.99,1.09,0.99,11,1.09,0.99,1.09,1.69,0.99,0.99,0.99,1.09,0.99,0.99,1.09,3.5,150,4.99
1.99,12,15,70,2.98,7.9,99,2.99,2.29,250,2.79,7.9,59,45000,2.29,1.99,1.99,16.99,699,7.29,29000,2.29,6.9,7.29,159,1.99,29.99,1.99,2.47,2.39,2.29,2.49,1.99,2.29,1.99,9.99,2.29,2.49,2.29,149,2.29,4.49,1.99,1.99,1.99,7.29,25,2.29,2.49,2.29,1.99,1.99,2,1.99,2500,1300,1.99,12,7900,1.99,799,2.29,49,1.99,12.99,4500,17,2.29,2.29,2.29,1.99,1.99,1.99,1.99,2.49,1.79,1.99,2.29,1.99,32.99,1.99,2.49,2.29,1.99,39,2.29,700,1.99,2.29,1.99,22,2.29,1.99,2.29,3.49,1.99,1.99,1.99,2.29,1.99,1.99,2.29,6.9,300,8.99
2.99,18,23,100,4.48,12.9,149,4.49,3.49,370,3.99,10.9,89,69000,3.49,2.99,2.99,24.99,1090,10.99,45000,3.49,10.9,10.99,249,2.99,49.99,2.99,3.71,3.59,3.49,3.49,2.99,3.49,2.99,14.99,3.49,3.49,3.49,229,3.49,6.49,2.99,2.99,2.99,10.99,35,3.49,3.49,3.49,2.99,2.99,3,2.99,3900,1900,2.99,18,10900,2.99,1190,3.49,79,2.99,19.99,6500,25,3.49,3.49,3.49,2.99,2.99,2.99,2.99,3.49,2.79,2.99,3.49,2.99,49.99,2.99,3.49,3.49,2.99,59,3.49,1100,2.99,3.49,2.99,33,3.49,2.99,3.49,4.99,2.99,2.99,2.99,3.49,2.99,2.99,3.49,9.9,450,13.99
3.99,25,28,130,5.98,16.9,199,5.99,4.49,490,5.49,14.9,119,89000,4.49,3.99,3.99,34.99,1490,14.99,59000,4.49,13.9,14.99,299,3.99,59.99,3.99,4.95,4.79,4.49,4.99,3.99,4.49,3.99,19.99,4.49,4.99,4.49,299,4.49,8.49,3.99,3.99,3.99,14.99,50,4.49,4.99,4.49,3.99,3.99,4,3.99,4900,2500,3.99,25,14900,3.99,1590,4.49,99,3.99,26.99,8900,35,4.49,4.49,4.49,3.99,3.99,3.99,3.99,4.99,3.49,3.99,4.49,3.99,64.99,3.99,4.99,4.49,3.99,79,4.49,1400,3.99,4.49,3.99,44,4.49,3.99,4.49,6.99,3.99,3.99,3.99,4.49,3.99,3.99,4.49,12.9,600,18.99
4.99,30,38,170,6.98,19.9,249,7.99,5.49,610,6.99,18.9,149,109000,5.49,4.99,4.99,42.99,1790,17.99,75000,5.49,17.9,17.99,399,4.99,79.99,4.99,6.19,5.99,5.49,5.99,4.99,5.49,4.99,24.99,5.49,5.99,5.49,379,5.49,10.99,4.99,4.99,4.99,17.99,59,5.49,5.99,5.49,4.99,4.99,5,4.99,5900,3500,4.99,30,18900,4.99,1990,5.49,129,4.99,34.99,10900,45,5.49,5.49,5.49,4.99,4.99,4.99,4.99,5.99,4.49,4.99,5.49,4.99,79.99,4.99,5.99,5.49,4.99,99,5.49,1800,4.99,5.49,4.99,55,5.49,4.99,5.49,8.99,4.99,4.99,4.99,5.49,4.99,4.99,5.49,16.9,750,23.99
5.99,40,48,190,8.98,24.9,299,9.99,6.99,730,8.49,22.9,179,129000,6.99,5.99,5.99,49.99,2290,20.99,89000,6.99,19.9,20.99,499,5.99,99.99,5.99,7.43,7.19,6.99,6.99,5.99,6.99,5.99,29.99,6.99,6.99,6.99,459,6.99,12.99,5.99,5.99,5.99,20.99,69,6.99,6.99,6.99,5.99,5.99,6,5.99,7500,3900,5.99,40,22900,5.99,2290,6.99,149,5.99,39.99,12900,49,6.99,6.99,6.99,5.99,5.99,5.99,5.99,6.99,5.49,5.99,6.99,5.99,99.99,5.99,6.99,6.99,5.99,109,6.99,2200,5.99,6.99,5.99,65,6.99,5.99,6.99,9.99,5.99,5.99,5.99,6.99,5.99,5.99,6.99,19.9,900,27.99
6.99,45,53,230,9.98,29.9,349,10.99,7.99,860,9.99,24.9,199,149000,7.99,6.99,6.99,59.99,2490,24.99,99000,7.99,25.9,24.99,549,6.99,109.99,6.99,8.67,8.39,7.99,7.99,6.99,7.99,6.99,34.99,7.99,7.99,7.99,529,7.99,14.99,6.99,6.99,6.99,24.99,85,7.99,7.99,7.99,6.99,6.99,7,6.99,8900,4500,6.99,45,25900,6.99,2490,7.99,179,6.99,49.99,14900,59,7.99,7.99,7.99,6.99,6.99,6.99,6.99,7.99,6.49,6.99,7.99,6.99,119.99,6.99,7.99,7.99,6.99,129,7.99,2500,6.99,7.99,6.99,75,7.99,6.99,7.99,11.99,6.99,6.99,6.99,7.99,6.99,6.99,7.99,22.9,1100,32.99
7.99,50,58,270,10.98,34.9,399,12.99,8.99,980,10.99,29.9,249,179000,8.99,7.99,7.99,69.99,2990,29.99,119000,8.99,29.9,29.99,599,7.99,129.99,7.99,9.91,9.59,8.99,9.99,7.99,8.99,7.99,39.99,8.99,9.99,8.99,599,8.99,17.99,7.99,7.99,7.99,29.99,99,8.99,9.99,8.99,7.99,7.99,8,7.99,9900,5500,7.99,50,29900,7.99,2990,8.99,199,7.99,54.99,17900,69,8.99,8.99,8.99,7.99,7.99,7.99,7.99,9.99,7.49,7.99,8.99,7.99,129.99,7.99,9.99,8.99,7.99,149,8.99,2900,7.99,8.99,7.99,85,8.99,7.99,8.99,13.99,7.99,7.99,7.99,8.99,7.99,7.99,8.99,24.9,1200,37.99
8.99,60,68,290,12.98,37.9,449,13.99,9.99,1100,11.99,34.9,279,199000,9.99,8.99,8.99,79.99,3290,32.99,129000,9.99,31.9,32.99,699,8.99,139.99,8.99,11.15,10.79,9.99,10.99,8.99,9.99,8.99,44.99,9.99,10.99,9.99,699,9.99,19.99,8.99,8.99,8.99,32.99,109,9.99,10.99,9.99,8.99,8.99,9,8.99,11000,5900,8.99,60,32900,8.99,3490,9.99,229,8.99,59.99,19900,79,9.99,9.99,9.99,8.99,8.99,8.99,8.99,10.99,7.99,8.99,9.99,8.99,149.99,8.99,10.99,9.99,8.99,179,9.99,3200,8.99,9.99,8.99,99,9.99,8.99,9.99,14.99,8.99,8.99,8.99,9.99,8.99,8.99,9.99,29.9,1400,42.99
9.99,68,78,330,14.98,39.9,499,14.99,10.99,1220,13.99,37.9,299,219000,10.99,9.99,9.99,89.99,3490,36.99,149000,10.99,35.9,36.99,799,9.99,149.99,9.99,12.39,11.99,10.99,11.99,9.99,10.99,9.99,49.99,10.99,11.99,10.99,749,10.99,21.99,9.99,9.99,9.99,36.99,119,10.99,11.99,10.99,9.99,9.99,10,9.99,12000,6500,9.99,68,37900,9.99,3990,10.99,249,9.99,69.99,21900,89,10.99,10.99,10.99,9.99,9.99,9.99,9.99,11.99,8.99,9.99,10.99,9.99,169.99,9.99,11.99,10.99,9.99,199,10.99,3500,9.99,10.99,9.99,109,10.99,9.99,10.99,16.99,9.99,9.99,9.99,10.99,9.99,9.99,10.99,32.9,1500,47.99
10.99,73,83,370,15.98,44.9,549,16.99,11.99,1340,14.99,39.9,329,229000,11.99,10.99,10.99,94.99,3990,39.99,159000,11.99,39.9,39.99,849,10.99,169.99,10.99,13.63,13.19,11.99,12.99,10.99,11.99,10.99,54.99,11.99,12.99,11.99,849,11.99,22.99,10.99,10.99,10.99,39.99,129,11.99,12.99,11.99,10.99,10.99,11,10.99,14000,7500,10.99,73,39900,10.99,4290,11.99,279,10.99,74.99,22900,95,11.99,11.99,11.99,10.99,10.99,10.99,10.99,12.99,9.99,10.99,11.99,10.99,179.99,10.99,12.99,11.99,10.99,209,11.99,3900,10.99,11.99,10.99,119,11.99,10.99,11.99,18.99,10.99,10.99,10.99,11.99,10.99,10.99,11.99,34.9,1700,52.99
11.99,78,88,390,16.98,49.9,599,17.99,12.99,1480,16.99,44.9,349,249000,12.99,11.99,11.99,99.99,4490,44.99,179000,12.99,43.9,44.99,899,11.99,179.99,11.99,14.87,14.39,12.99,14.99,11.99,12.99,11.99,59.99,12.99,14.99,12.99,899,12.99,24.99,11.99,11.99,11.99,44.99,149,12.99,14.99,12.99,11.99,11.99,12,11.99,15000,7900,11.99,78,44900,11.99,4490,12.99,299,11.99,79.99,24900,99,12.99,12.99,12.99,11.99,11.99,11.99,11.99,14.99,10.99,11.99,12.99,11.99,199.99,11.99,14.99,12.99,11.99,229,12.99,4200,11.99,12.99,11.99,129,12.99,11.99,12.99,19.99,11.99,11.99,11.99,12.99,11.99,11.99,12.99,39.9,1900,54.99
12.99,88,98,430,17.98,54.9,649,19.99,13.99,1600,17.99,49.9,399,279000,13.99,12.99,12.99,109.99,4790,47.99,189000,13.99,45.9,47.99,999,12.99,199.99,12.99,16.11,15.59,13.99,15.99,12.99,13.99,12.99,64.99,13.99,15.99,13.99,999,13.99,27.99,12.99,12.99,12.99,47.99,159,13.99,15.99,13.99,12.99,12.99,13,12.99,16000,8500,12.99,88,49900,12.99,4990,13.99,329,12.99,89.99,27900,109,13.99,13.99,13.99,12.99,12.99,12.99,12.99,15.99,11.99,12.99,13.99,12.99,219.99,12.99,15.99,13.99,12.99,249,13.99,4500,12.99,13.99,12.99,139,13.99,12.99,13.99,22.99,12.99,12.99,12.99,13.99,12.99,12.99,13.99,42.9,2000,59.99
13.99,93,108,470,19.98,57.9,699,21.99,14.99,1720,19.99,52.9,429,299000,14.99,13.99,13.99,119.99,4990,49.99,199000,14.99,49.9,49.99,1099,13.99,219.99,13.99,17.35,16.79,14.99,16.99,13.99,14.99,13.99,69.99,14.99,16.99,14.99,1090,14.99,29.99,13.99,13.99,13.99,49.99,169,14.99,16.99,14.99,13.99,13.99,14,13.99,17000,8900,13.99,93,52900,13.99,5490,14.99,349,13.99,94.99,29900,119,14.99,14.99,14.99,13.99,13.99,13.99,13.99,16.99,12.99,13.99,14.99,13.99,229.99,13.99,16.99,14.99,13.99,259,14.99,4900,13.99,14.99,13.99,149,14.99,13.99,14.99,24.99,13.99,13.99,13.99,14.99,13.99,13.99,14.99,44.9,2200,64.99
14.99,98,118,490,21.98,59.9,749,22.99,16.99,1840,20.99,54.9,449,329000,16.99,14.99,14.99,129.99,5490,54.99,219000,16.99,53.9,54.99,1199,14.99,229.99,14.99,18.59,17.99,16.99,17.99,14.99,16.99,14.99,74.99,16.99,17.99,16.99,1150,16.99,32.99,14.99,14.99,14.99,54.99,179,16.99,17.99,16.99,14.99,14.99,15,14.99,19000,9900,14.99,98,54900,14.99,5990,16.99,379,14.99,99.99,32900,129,16.99,16.99,16.99,14.99,14.99,14.99,14.99,17.99,13.99,14.99,16.99,14.99,249.99,14.99,17.99,16.99,14.99,279,16.99,5500,14.99,16.99,14.99,159,16.99,14.99,16.99,25.99,14.99,14.99,14.99,16.99,14.99,14.99,16.99,49.9,2300,69.99
15.99,108,123,530,22.98,64.9,799,24.99,17.99,1960,21.99,59.9,479,349000,17.99,15.99,15.99,139.99,5790,59.99,239000,17.99,55.9,59.99,1249,15.99,249.99,15.99,19.83,19.19,17.99,18.99,15.99,17.99,15.99,79.99,17.99,18.99,17.99,1190,17.99,34.99,15.99,15.99,15.99,59.99,189,17.99,18.99,17.99,15.99,15.99,16,15.99,20000,10500,15.99,108,59900,15.99,6290,17.99,399,15.99,109.99,34900,139,17.99,17.99,17.99,15.99,15.99,15.99,15.99,18.99,14.49,15.99,17.99,15.99,269.99,15.99,18.99,17.99,15.99,299,17.99,5700,15.99,17.99,15.99,169,17.99,15.99,17.99,27.99,15.99,15.99,15.99,17.99,15.99,15.99,17.99,52.9,2500,74.99
16.99,113,128,570,23.98,69.9,849,26.99,18.99,2080,23.99,64.9,499,379000,18.99,16.99,16.99,144.99,5990,64.99,249000,18.99,59.9,64.99,1299,16.99,269.99,16.99,21.07,20.39,18.99,19.99,16.99,18.99,16.99,84.99,18.99,19.99,18.99,1290,18.99,37.99,16.99,16.99,16.99,64.99,199,18.99,19.99,18.99,16.99,16.99,17,16.99,21000,10900,16.99,113,62900,16.99,6490,18.99,429,16.99,114.99,37900,145,18.99,18.99,18.99,16.99,16.99,16.99,16.99,19.99,14.99,16.99,18.99,16.99,279.99,16.99,19.99,18.99,16.99,319,18.99,5900,16.99,18.99,16.99,179,18.99,16.99,18.99,29.99,16.99,16.99,16.99,18.99,16.99,16.99,18.99,54.9,2600,79.99
17.99,118,138,590,25.98,74.9,899,27.99,19.99,2200,24.99,69.9,549,399000,19.99,17.99,17.99,149.99,6490,67.99,269000,19.99,63.9,67.99,1399,17.99,279.99,17.99,22.31,21.59,19.99,21.99,17.99,19.99,17.99,89.99,19.99,21.99,19.99,1390,19.99,38.99,17.99,17.99,17.99,67.99,219,19.99,21.99,19.99,17.99,17.99,18,17.99,22000,11900,17.99,118,64900,17.99,6990,19.99,449,17.99,119.99,39900,149,19.99,19.99,19.99,17.99,17.99,17.99,17.99,21.99,15.99,17.99,19.99,17.99,299.99,17.99,21.99,19.99,17.99,339,19.99,6500,17.99,19.99,17.99,189,19.99,17.99,19.99,30.99,17.99,17.99,17.99,19.99,17.99,17.99,19.99,59.9,2800,84.99
18.99,123,148,630,26.98,77.9,949,29.99,20.99,2320,25.99,72.9,579,429000,20.99,18.99,18.99,159.99,6790,69.99,279000,20.99,67.9,69.99,1499,18.99,289.99,18.99,23.55,22.79,20.99,22.99,18.99,20.99,18.99,94.99,20.99,22.99,20.99,1450,20.99,39.99,18.99,18.99,18.99,69.99,229,20.99,22.99,20.99,18.99,18.99,19,18.99,23000,12500,18.99,123,69900,18.99,7490,20.99,479,18.99,129.99,42900,159,20.99,20.99,20.99,18.99,18.99,18.99,18.99,22.99,16.99,18.99,20.99,18.99,319.99,18.99,22.99,20.99,18.99,359,20.99,6900,18.99,20.99,18.99,199,20.99,18.99,20.99,32.99,18.99,18.99,18.99,20.99,18.99,18.99,20.99,62.9,2900,89.99
19.99,128,158,670,28.98,79.9,999,30.99,21.99,2440,27.99,74.9,599,449000,21.99,19.99,19.99,169.99,6990,74.99,299000,21.99,69.9,74.99,1599,19.99,299.99,19.99,24.79,23.99,21.99,23.99,19.99,21.99,19.99,99.99,21.99,23.99,21.99,1490,21.99,42.99,19.99,19.99,19.99,74.99,239,21.99,23.99,21.99,19.99,19.99,20,19.99,25000,12900,19.99,128,74900,19.99,7990,21.99,499,19.99,134.99,44900,169,21.99,21.99,21.99,19.99,19.99,19.99,19.99,23.99,17.99,19.99,21.99,19.99,329.99,19.99,23.99,21.99,19.99,379,21.99,7200,19.99,21.99,19.99,219,21.99,19.99,21.99,34.99,19.99,19.99,19.99,21.99,19.99,19.99,21.99,64.9,3100,94.99
20.99,138,163,690,29.98,84.9,1050,32.99,22.99,2580,28.99,79.9,629,479000,22.99,20.99,20.99,179.99,7490,77.99,309000,22.99,73.9,77.99,1649,20.99,319.99,20.99,26.03,25.19,22.99,24.99,20.99,22.99,20.99,104.99,22.99,24.99,22.99,1590,22.99,44.99,20.99,20.99,20.99,77.99,249,22.99,24.99,22.99,20.99,20.99,21,20.99,26000,13900,20.99,138,77900,20.99,8290,22.99,549,20.99,139.99,45900,179,22.99,22.99,22.99,20.99,20.99,20.99,20.99,24.99,18.99,20.99,22.99,20.99,349.99,20.99,24.99,22.99,20.99,399,22.99,7500,20.99,22.99,20.99,229,22.99,20.99,22.99,35.99,20.99,20.49,20.99,22.99,20.99,20.99,22.99,69.9,3200,99.99
21.99,148,168,730,31.98,89.9,1090,34.99,23.99,2700,29.99,82.9,649,499000,23.99,21.99,21.99,189.99,7990,79.99,319000,23.99,77.9,79.99,1699,21.99,329.99,21.99,27.27,26.39,23.99,25.99,21.99,23.99,21.99,109.99,23.99,25.99,23.99,1690,23.99,47.99,21.99,21.99,21.99,79.99,269,23.99,25.99,23.99,21.99,21.99,22,21.99,27000,14500,21.99,148,79900,21.99,8490,23.99,579,21.99,149.99,47900,189,23.99,23.99,23.99,21.99,21.99,21.99,21.99,25.99,19.99,21.99,23.99,21.99,369.99,21.99,25.99,23.99,21.99,409,23.99,7900,21.99,23.99,21.99,239,23.99,21.99,23.99,37.99,21.99,20.99,21.99,23.99,21.99,21.99,23.99,72.9,3400,104.99
22.99,153,178,770,32.98,94.9,1150,35.99,24.99,2820,31.99,84.9,699,529000,24.99,22.99,22.99,194.99,8490,84.99,339000,24.99,79.9,84.99,1799,22.99,349.99,22.99,28.51,27.59,24.99,27.99,22.99,24.99,22.99,114.99,24.99,27.99,24.99,1750,24.99,49.99,22.99,22.99,22.99,84.99,279,24.99,27.99,24.99,22.99,22.99,23,22.99,29000,14900,22.99,153,84900,22.99,8990,24.99,599,22.99,154.99,49900,195,24.99,24.99,24.99,22.99,22.99,22.99,22.99,27.99,20.99,22.99,24.99,22.99,379.99,22.99,27.99,24.99,22.99,429,24.99,8200,22.99,24.99,22.99,249,24.99,22.99,24.99,39.99,22.99,21.99,22.99,24.99,22.99,22.99,24.99,74.9,3600,109.99
23.99,158,188,790,33.98,99.9,1190,37.99,26.99,2940,32.99,89.9,729,549000,26.99,23.99,23.99,199.99,8790,87.99,349000,26.99,85.9,87.99,1899,23.99,379.99,23.99,29.75,28.79,26.99,28.99,23.99,26.99,23.99,119.99,26.99,28.99,26.99,1790,26.99,51.99,23.99,23.99,23.99,87.99,289,26.99,28.99,26.99,23.99,23.99,24,23.99,30000,15900,23.99,158,89900,23.99,9490,26.99,629,23.99,159.99,52900,199,26.99,26.99,26.99,23.99,23.99,23.99,23.99,28.99,21.99,23.99,26.99,23.99,399.99,23.99,28.99,26.99,23.99,449,26.99,8500,23.99,26.99,23.99,259,26.99,23.99,26.99,41.99,23.99,22.99,23.99,26.99,23.99,23.99,26.99,77.9,3700,114.99
24.99,163,198,830,34.98,104.9,1250,38.99,27.99,3060,34.99,94.9,749,579000,27.99,24.99,24.99,209.99,8990,89.99,359000,27.99,89.9,89.99,1949,24.99,399.99,24.99,30.99,29.99,27.99,29.99,24.99,27.99,24.99,124.99,27.99,29.99,27.99,1890,27.99,52.99,24.99,24.99,24.99,89.99,299,27.99,29.99,27.99,24.99,24.99,25,24.99,31000,16500,24.99,163,92900,24.99,9990,27.99,649,24.99,169.99,54900,209,27.99,27.99,27.99,24.99,24.99,24.99,24.99,29.99,22.99,24.99,27.99,24.99,419.99,24.99,29.99,27.99,24.99,479,27.99,8900,24.99,27.99,24.99,269,27.99,24.99,27.99,42.99,24.99,23.99,24.99,27.99,24.99,24.99,27.99,79.9,3900,119.99
25.99,168,203,870,36.98,109.9,1290,39.99,28.99,3180,35.99,99.9,799,599000,28.99,25.99,25.99,219.99,9490,94.99,379000,28.99,91.9,94.99,1999,25.99,419.99,25.99,32.23,31.19,28.99,30.99,25.99,28.99,25.99,129.99,28.99,30.99,28.99,1990,28.99,54.99,25.99,25.99,25.99,94.99,309,28.99,30.99,28.99,25.99,25.99,26,25.99,32000,16900,25.99,168,94900,25.99,10290,28.99,679,25.99,174.99,57900,219,28.99,28.99,28.99,25.99,25.99,25.99,25.99,30.99,23.99,25.99,28.99,25.99,429.99,25.99,30.99,28.99,25.99,499,28.99,9500,25.99,28.99,25.99,279,28.99,25.99,28.99,44.99,25.99,24.99,25.99,28.99,25.99,25.99,28.99,82.9,4000,124.99
26.99,178,208,890,38.98,114.9,1350,41.99,29.99,3300,36.99,102.9,829,629000,29.99,26.99,26.99,229.99,9790,99.99,389000,29.99,95.9,99.99,2099,26.99,429.99,26.99,33.47,32.39,29.99,31.99,26.99,29.99,26.99,134.99,29.99,31.99,29.99,2050,29.99,57.99,26.99,26.99,26.99,99.99,329,29.99,31.99,29.99,26.99,26.99,27,26.99,33000,17900,26.99,178,99900,26.99,10490,29.99,699,26.99,179.99,59900,229,29.99,29.99,29.99,26.99,26.99,26.99,26.99,31.99,24.49,26.99,29.99,26.99,449.99,26.99,31.99,29.99,26.99,509,29.99,9700,26.99,29.99,26.99,289,29.99,26.99,29.99,46.99,26.99,25.99,26.99,29.99,26.99,26.99,29.99,84.9,4200,127.99
27.99,188,218,930,40.98,119.9,1390,42.99,30.99,3420,37.99,104.9,849,649000,30.99,27.99,27.99,239.99,9990,104.99,409000,30.99,99.9,104.99,2199,27.99,449.99,27.99,34.71,33.59,30.99,33.99,27.99,30.99,27.99,139.99,30.99,33.99,30.99,2090,30.99,59.99,27.99,27.99,27.99,104.99,339,30.99,33.99,30.99,27.99,27.99,28,27.99,35000,18500,27.99,188,104900,27.99,10990,30.99,729,27.99,189.99,60900,239,30.99,30.99,30.99,27.99,27.99,27.99,27.99,33.99,24.99,27.99,30.99,27.99,469.99,27.99,33.99,30.99,27.99,529,30.99,9900,27.99,30.99,27.99,299,30.99,27.99,30.99,47.99,27.99,26.99,27.99,30.99,27.99,27.99,30.99,89.9,4300,129.99
28.99,193,228,970,42.98,124.9,1450,44.99,31.99,3540,38.99,109.9,879,679000,31.99,28.99,28.99,244.99,10490,107.99,419000,31.99,103.9,107.99,2249,28.99,469.99,28.99,35.95,34.79,31.99,34.99,28.99,31.99,28.99,144.99,31.99,34.99,31.99,2190,31.99,62.99,28.99,28.99,28.99,107.99,349,31.99,34.99,31.99,28.99,28.99,28.5,28.99,36000,18900,28.99,193,107900,28.99,11490,31.99,749,28.99,194.99,62900,245,31.99,31.99,31.99,28.99,28.99,28.99,28.99,34.99,25.99,28.99,31.99,28.99,479.99,28.99,34.99,31.99,28.99,549,31.99,10500,28.99,31.99,28.99,309,31.99,28.99,31.99,48.99,28.99,27.99,28.99,31.99,28.99,28.99,31.99,92.9,4500,134.99
29.99,198,238,990,44.98,129.9,1490,46.99,32.99,3680,39.99,112.9,899,699000,32.99,29.99,29.99,249.99,10990,109.99,439000,32.99,105.9,109.99,2299,29.99,479.99,29.99,37.19,35.99,32.99,35.99,29.99,32.99,29.99,149.99,32.99,35.99,32.99,2290,32.99,64.99,29.99,29.99,29.99,109.99,359,32.99,35.99,32.99,29.99,29.99,29,29.99,37000,19900,29.99,198,109900,29.99,11990,32.99,779,29.99,199.99,64900,249,32.99,32.99,32.99,29.99,29.99,29.99,29.99,35.99,26.99,29.99,32.99,29.99,499.99,29.99,35.99,32.99,29.99,569,32.99,10900,29.99,32.99,29.99,329,32.99,29.99,32.99,49.99,29.99,28.99,29.99,32.99,29.99,29.99,32.99,94.9,4600,139.99
30.99,208,243,1020,45.98,134.9,1550,47.99,33.99,3800,41.99,114.9,929,709000,33.99,30.99,30.99,259.99,11290,114.99,449000,33.99,109.9,114.99,2399,30.99,489.99,30.99,38.43,37.19,33.99,36.99,30.99,33.99,30.99,154.99,33.99,36.99,33.99,2350,33.99,67.99,30.99,30.99,30.99,114.99,379,33.99,36.99,33.99,30.99,30.99,30,30.99,39000,20500,30.99,208,114900,30.99,12290,33.99,799,30.99,209.99,66900,259,33.99,33.99,33.99,30.99,30.99,30.99,30.99,36.99,27.99,30.99,33.99,30.99,519.99,30.99,36.99,33.99,30.99,579,33.99,11200,30.99,33.99,30.99,339,33.99,30.99,33.99,52.99,30.99,29.99,30.99,33.99,30.99,30.99,33.99,99.9,4800,144.99
31.99,218,248,1050,46.98,137.9,1590,49.99,34.99,3920,43.99,119.9,949,729000,34.99,31.99,31.99,269.99,11490,117.99,469000,34.99,113.9,117.99,2499,31.99,499.99,31.99,39.67,38.39,34.99,37.99,31.99,34.99,31.99,159.99,34.99,37.99,34.99,2390,34.99,69.99,31.99,31.99,31.99,117.99,389,34.99,37.99,34.99,31.99,31.99,31,31.99,40000,20900,31.99,218,119900,31.99,12490,34.99,829,31.99,219.99,67900,269,34.99,34.99,34.99,31.99,31.99,31.99,31.99,37.99,28.99,31.99,34.99,31.99,529.99,31.99,37.99,34.99,31.99,599,34.99,11500,31.99,34.99,31.99,349,34.99,31.99,34.99,54.99,31.99,30.99,31.99,34.99,31.99,31.99,34.99,102.9,4900,149.99
32.99,223,258,1090,47.98,139.9,1650,51.99,36.99,4040,44.99,124.9,1000,749000,36.99,32.99,32.99,279.99,11990,119.99,479000,36.99,115.9,119.99,2599,32.99,519.99,32.99,40.91,39.59,36.99,39.99,32.99,36.99,32.99,164.99,36.99,39.99,36.99,2490,36.99,71.99,32.99,32.99,32.99,119.99,399,36.99,39.99,36.99,32.99,32.99,32,32.99,41000,21900,32.99,223,122900,32.99,12990,36.99,849,32.99,224.99,69900,279,36.99,36.99,36.99,32.99,32.99,32.99,32.99,39.99,29.49,32.99,36.99,32.99,549.99,32.99,39.99,36.99,32.99,619,36.99,11900,32.99,36.99,32.99,359,36.99,32.99,36.99,56.99,32.99,31.99,32.99,36.99,32.99,32.99,36.99,104.9,5100,154.99
33.99,228,268,1120,48.98,144.9,1690,52.99,37.99,4160,46.99,129.9,1020,779000,37.99,33.99,33.99,289.99,12490,124.99,499000,37.99,119.9,124.99,2649,33.99,529.99,33.99,42.15,40.79,37.99,40.99,33.99,37.99,33.99,169.99,37.99,40.99,37.99,2590,37.99,72.99,33.99,33.99,33.99,124.99,409,37.99,40.99,37.99,33.99,33.99,33,33.99,42000,22500,33.99,228,124900,33.99,13290,37.99,879,33.99,229.99,72900,289,37.99,37.99,37.99,33.99,33.99,33.99,33.99,40.99,29.99,33.99,37.99,33.99,569.99,33.99,40.99,37.99,33.99,639,37.99,12200,33.99,37.99,33.99,369,37.99,33.99,37.99,57.99,33.99,32.99,33.99,37.99,33.99,33.99,37.99,109.9,5200,159.99
34.99,233,278,1170,49.98,149.9,1750,54.99,38.99,4280,47.99,132.9,1050,799000,38.99,34.99,34.99,299.99,12790,127.99,509000,38.99,123.9,127.99,2699,34.99,549.99,34.99,43.39,41.99,38.99,41.99,34.99,38.99,34.99,174.99,38.99,41.99,38.99,2650,38.99,74.99,34.99,34.99,34.99,127.99,419,38.99,41.99,38.99,34.99,34.99,34,34.99,43000,22900,34.99,233,129900,34.99,13490,38.99,899,34.99,239.99,74900,295,38.99,38.99,38.99,34.99,34.99,34.99,34.99,41.99,30.99,34.99,38.99,34.99,579.99,34.99,41.99,38.99,34.99,649,38.99,12500,34.99,38.99,34.99,379,38.99,34.99,38.99,59.99,34.99,33.99,34.99,38.99,34.99,34.99,38.99,112.9,5400,164.99
35.99,238,283,1190,51.98,154.9,1790,55.99,39.99,4400,49.99,134.9,1100,809000,39.99,35.99,35.99,309.99,12990,129.99,529000,39.99,127.9,129.99,2799,35.99,569.99,35.99,44.63,43.19,39.99,42.99,35.99,39.99,35.99,179.99,39.99,42.99,39.99,2690,39.99,77.99,35.99,35.99,35.99,129.99,439,39.99,42.99,39.99,35.99,35.99,35,35.99,44000,23900,35.99,238,134900,35.99,13990,39.99,929,35.99,244.99,77900,299,39.99,39.99,39.99,35.99,35.99,35.99,35.99,42.99,31.99,35.99,39.99,35.99,599.99,35.99,42.99,39.99,35.99,679,39.99,12900,35.99,39.99,35.99,389,39.99,35.99,39.99,62.99,35.99,34.99,35.99,39.99,35.99,35.99,39.99,114.9,5500,169.99
36.99,243,288,1230,53.98,157.9,1850,57.99,40.99,4520,51.99,139.9,1120,829000,40.99,36.99,36.99,319.99,13490,134.99,539000,40.99,129.9,134.99,2899,36.99,579.99,36.99,45.87,44.39,40.99,44.99,36.99,40.99,36.99,184.99,40.99,44.99,40.99,2790,40.99,78.99,36.99,36.99,36.99,134.99,449,40.99,44.99,40.99,36.99,36.99,36,36.99,45000,24500,36.99,243,137900,36.99,14290,40.99,949,36.99,249.99,79900,309,40.99,40.99,40.99,36.99,36.99,36.99,36.99,44.99,32.99,36.99,40.99,36.99,619.99,36.99,44.99,40.99,36.99,699,40.99,13200,36.99,40.99,36.99,399,40.99,36.99,40.99,63.99,36.99,35.99,36.99,40.99,36.99,36.99,40.99,119.9,5700,174.99
37.99,248,298,1260,55.98,159.9,1890,59.99,41.99,4640,52.99,142.9,1150,849000,41.99,37.99,37.99,329.99,13790,139.99,559000,41.99,133.9,139.99,2949,37.99,589.99,37.99,47.11,45.59,41.99,45.99,37.99,41.99,37.99,189.99,41.99,45.99,41.99,2890,41.99,79.99,37.99,37.99,37.99,139.99,459,41.99,45.99,41.99,37.99,37.99,37,37.99,47000,24900,37.99,248,139900,37.99,14490,41.99,979,37.99,259.99,82900,319,41.99,41.99,41.99,37.99,37.99,37.99,37.99,45.99,33.99,37.99,41.99,37.99,629.99,37.99,45.99,41.99,37.99,729,41.99,13500,37.99,41.99,37.99,409,41.99,37.99,41.99,64.99,37.99,36.99,37.99,41.99,37.99,37.99,41.99,122.9,5900,179.99
38.99,253,308,1290,57.98,164.9,1950,60.99,42.99,4780,53.99,144.9,1200,879000,42.99,38.99,38.99,339.99,13990,144.99,569000,42.99,137.9,144.99,2999,38.99,599.99,38.99,48.35,46.79,42.99,46.99,38.99,42.99,38.99,194.99,42.99,46.99,42.99,2950,42.99,82.99,38.99,38.99,38.99,144.99,469,42.99,46.99,42.99,38.99,38.99,38,38.99,48000,25900,38.99,253,144900,38.99,14990,42.99,999,38.99,264.99,84900,329,42.99,42.99,42.99,38.99,38.99,38.99,38.99,46.99,34.99,38.99,42.99,38.99,649.99,38.99,46.99,42.99,38.99,749,42.99,13900,38.99,42.99,38.99,419,42.99,38.99,42.99,67.99,38.99,37.99,38.99,42.99,38.99,38.99,42.99,124.9,6000,184.99
39.99,258,318,1320,58.98,167.9,1990,62.99,43.99,4900,54.99,149.9,1220,899000,43.99,39.99,39.99,344.99,14490,147.99,589000,43.99,139.9,147.99,3099,39.99,619.99,39.99,49.59,47.99,43.99,47.99,39.99,43.99,39.99,199.99,43.99,47.99,43.99,2990,43.99,84.99,39.99,39.99,39.99,147.99,479,43.99,47.99,43.99,39.99,39.99,39,39.99,49000,26500,39.99,258,147900,39.99,15490,43.99,1050,39.99,269.99,87900,339,43.99,43.99,43.99,39.99,39.99,39.99,39.99,47.99,35.99,39.99,43.99,39.99,669.99,39.99,47.99,43.99,39.99,759,43.99,14500,39.99,43.99,39.99,439,43.99,39.99,43.99,69.99,39.99,38.99,39.99,43.99,39.99,39.99,43.99,129.9,6200,189.99
40.99,263,323,1350,59.98,169.9,2050,64.99,44.99,5020,56.99,154.9,1250,909000,44.99,40.99,40.99,349.99,14990,149.99,599000,44.99,145.9,149.99,3199,40.99,629.99,40.99,50.83,49.19,44.99,48.99,40.99,44.99,40.99,204.99,44.99,48.99,44.99,3090,44.99,87.99,40.99,40.99,40.99,149.99,499,44.99,48.99,44.99,40.99,40.99,40,40.99,50000,26900,40.99,263,149900,40.99,15990,44.99,1070,40.99,279.99,89900,349,44.99,44.99,44.99,40.99,40.99,40.99,40.99,48.99,36.99,40.99,44.99,40.99,679.99,40.99,48.99,44.99,40.99,779,44.99,14900,40.99,44.99,40.99,449,44.99,40.99,44.99,70.99,40.99,39.99,40.99,44.99,40.99,40.99,44.99,132.9,6400,194.99
41.99,268,328,1390,60.98,174.9,2090,65.99,46.99,5140,57.99,159.9,1300,929000,46.99,41.99,41.99,359.99,15290,154.99,619000,46.99,149.9,154.99,3249,41.99,649.99,41.99,52.07,50.39,46.99,49.99,41.99,46.99,41.99,209.99,46.99,49.99,46.99,3190,46.99,89.99,41.99,41.99,41.99,154.99,509,46.99,49.99,46.99,41.99,41.99,41,41.99,52000,27900,41.99,268,154900,41.99,16290,46.99,1090,41.99,284.99,92900,359,46.99,46.99,46.99,41.99,41.99,41.99,41.99,49.99,37.99,41.99,46.99,41.99,699.99,41.99,49.99,46.99,41.99,799,46.99,15200,41.99,46.99,41.99,459,46.99,41.99,46.99,72.99,41.99,40.99,41.99,46.99,41.99,41.99,46.99,134.9,6500,199.99
42.99,273,338,1420,61.98,177.9,2150,67.99,47.99,5260,59.99,162.9,1320,949000,47.99,42.99,42.99,369.99,15490,157.99,629000,47.99,151.9,157.99,3299,42.99,669.99,42.99,53.31,51.59,47.99,51.99,42.99,47.99,42.99,214.99,47.99,51.99,47.99,3250,47.99,92.99,42.99,42.99,42.99,157.99,519,47.99,51.99,47.99,42.99,42.99,42,42.99,53000,28500,42.99,273,159900,42.99,16490,47.99,1120,42.99,289.99,94900,369,47.99,47.99,47.99,42.99,42.99,42.99,42.99,51.99,38.99,42.99,47.99,42.99,719.99,42.99,51.99,47.99,42.99,809,47.99,15500,42.99,47.99,42.99,469,47.99,42.99,47.99,74.99,42.99,41.99,42.99,47.99,42.99,42.99,47.99,139.9,6600,204.99
43.99,278,348,1470,62.98,179.9,2190,68.99,48.99,5380,61.99,164.9,1350,979000,48.99,43.99,43.99,379.99,15990,159.99,649000,48.99,155.9,159.99,3399,43.99,679.99,43.99,54.55,52.79,48.99,52.99,43.99,48.99,43.99,219.99,48.99,52.99,48.99,3290,48.99,94.99,43.99,43.99,43.99,159.99,529,48.99,52.99,48.99,43.99,43.99,43,43.99,54000,28900,43.99,278,162900,43.99,16990,48.99,1150,43.99,294.99,96900,379,48.99,48.99,48.99,43.99,43.99,43.99,43.99,52.99,39.99,43.99,48.99,43.99,729.99,43.99,52.99,48.99,43.99,829,48.99,15900,43.99,48.99,43.99,479,48.99,43.99,48.99,75.99,43.99,42.99,43.99,48.99,43.99,43.99,48.99,142.9,6800,209.99
44.99,283,358,1490,63.98,184.9,2250,69.99,49.99,5500,62.99,169.9,1400,999000,49.99,44.99,44.99,389.99,16490,164.99,659000,49.99,159.9,164.99,3499,44.99,699.99,44.99,55.79,53.99,49.99,53.99,44.99,49.99,44.99,224.99,49.99,53.99,49.99,3390,49.99,97.99,44.99,44.99,44.99,164.99,539,49.99,53.99,49.99,44.99,44.99,44,44.99,55000,29500,44.99,283,164900,44.99,17490,49.99,1170,44.99,299.99,97900,389,49.99,49.99,49.99,44.99,44.99,44.99,44.99,53.99,40.99,44.99,49.99,44.99,749.99,44.99,53.99,49.99,44.99,849,49.99,16200,44.99,49.99,44.99,489,49.99,44.99,49.99,77.99,44.99,43.99,44.99,49.99,44.99,44.99,49.99,144.9,6900,214.99
45.99,288,363,1530,64.98,187.9,2290,71.99,50.99,5620,63.99,172.9,1420,1009000,50.99,45.99,45.99,394.99,16790,167.99,679000,50.99,163.9,167.99,3599,45.99,719.99,45.99,57.03,55.19,50.99,54.99,45.99,50.99,45.99,229.99,50.99,54.99,50.99,3490,50.99,99.99,45.99,45.99,45.99,167.99,549,50.99,54.99,50.99,45.99,45.99,45,45.99,57000,29900,45.99,288,169900,45.99,17990,50.99,1190,45.99,309.99,99900,399,50.99,50.99,50.99,45.99,45.99,45.99,45.99,54.99,41.99,45.99,50.99,45.99,769.99,45.99,54.99,50.99,45.99,879,50.99,16500,45.99,50.99,45.99,499,50.99,45.99,50.99,79.99,45.99,44.99,45.99,50.99,45.99,45.99,50.99,149.9,7100,219.99
46.99,298,368,1560,65.98,189.9,2350,72.99,51.99,5740,64.99,174.9,1450,1029000,51.99,46.99,46.99,399.99,16990,169.99,689000,51.99,165.9,169.99,3699,46.99,729.99,46.99,58.27,56.39,51.99,55.99,46.99,51.99,46.99,234.99,51.99,55.99,51.99,3590,51.99,102.99,46.99,46.99,46.99,169.99,569,51.99,55.99,51.99,46.99,46.99,46,46.99,58000,30900,46.99,298,174900,46.99,18290,51.99,1220,46.99,319.99,102900,409,51.99,51.99,51.99,46.99,46.99,46.99,46.99,55.99,42.99,46.99,51.99,46.99,779.99,46.99,55.99,51.99,46.99,899,51.99,16900,46.99,51.99,46.99,509,51.99,46.99,51.99,82.99,46.99,45.99,46.99,51.99,46.99,46.99,51.99,152.9,7200,224.99
47.99,308,378,1590,66.98,194.9,2390,74.99,52.99,5860,66.99,179.9,1470,1049000,52.99,47.99,47.99,409.99,17490,174.99,709000,52.99,169.9,174.99,3799,47.99,749.99,47.99,59.51,57.59,52.99,57.99,47.99,52.99,47.99,239.99,52.99,57.99,52.99,3650,52.99,104.99,47.99,47.99,47.99,174.99,579,52.99,57.99,52.99,47.99,47.99,47,47.99,59000,31900,47.99,308,177900,47.99,18490,52.99,1250,47.99,329.99,104900,419,52.99,52.99,52.99,47.99,47.99,47.99,47.99,57.99,43.99,47.99,52.99,47.99,799.99,47.99,57.99,52.99,47.99,909,52.99,17500,47.99,52.99,47.99,519,52.99,47.99,52.99,84.99,47.99,46.99,47.99,52.99,47.99,47.99,52.99,154.9,7400,229.99
48.99,318,388,1630,67.98,197.9,2450,77.99,53.99,5980,67.99,184.9,1500,1079000,53.99,48.99,48.99,419.99,17790,179.99,719000,53.99,173.9,179.99,3899,48.99,779.99,48.99,60.75,58.79,53.99,58.99,48.99,53.99,48.99,244.99,53.99,58.99,53.99,3690,53.99,107.99,48.99,48.99,48.99,179.99,589,53.99,58.99,53.99,48.99,48.99,47.5,48.99,60000,32900,48.99,318,179900,48.99,18990,53.99,1270,48.99,339.99,107900,429,53.99,53.99,53.99,48.99,48.99,48.99,48.99,58.99,44.99,48.99,53.99,48.99,819.99,48.99,58.99,53.99,48.99,929,53.99,17700,48.99,53.99,48.99,529,53.99,48.99,53.99,87.99,48.99,47.99,48.99,53.99,48.99,48.99,53.99,159.9,7500,234.99
49.99,328,398,1690,68.98,199.9,2490,79.99,54.99,6100,69.99,189.9,1600,1099000,54.99,49.99,49.99,429.99,17990,184.99,739000,54.99,179.9,184.99,3999,49.99,799.99,49.99,61.99,59.99,54.99,59.99,49.99,54.99,49.99,249.99,54.99,59.99,54.99,3790,54.99,109.99,49.99,49.99,49.99,184.99,595,54.99,59.99,54.99,49.99,49.99,48,49.99,65000,33900,49.99,328,184900,49.99,19990,54.99,1290,49.99,349.99,109900,449,54.99,54.99,54.99,49.99,49.99,49.99,49.99,59.99,45.99,49.99,54.99,49.99,829.99,49.99,59.99,54.99,49.99,949,54.99,17900,49.99,54.99,49.99,549,54.99,49.99,54.99,89.99,49.99,48.99,49.99,54.99,49.99,49.99,54.99,169.9,7900,239.99
54.99,348,418,1790,78.98,229.9,2790,84.99,59.99,7000,74.99,209.9,1700,1199000,59.99,54.99,54.99,479.99,19990,199.99,799000,59.99,199.9,199.99,4499,54.99,849.99,54.99,68.19,65.99,59.99,64.99,54.99,59.99,54.99,279.99,59.99,64.99,59.99,3990,59.99,119.99,54.99,54.99,54.99,199.99,649,59.99,64.99,59.99,54.99,54.99,55,54.99,69000,35900,54.99,348,199900,54.99,20990,59.99,1490,54.99,379.99,119900,479,59.99,59.99,59.99,54.99,54.99,54.99,54.99,64.99,49.99,54.99,59.99,54.99,899.99,54.99,64.99,59.99,54.99,999,59.99,19900,54.99,59.99,54.99,599,59.99,54.99,59.99,94.99,54.99,49.99,54.99,59.99,54.99,54.99,59.99,179.9,8500,259.99
59.99,388,448,1990,88.98,249.9,2990,89.99,64.99,7500,84.99,229.9,1800,1299000,64.99,59.99,59.99,499.99,21990,219.99,899000,64.99,209.9,219.99,4999,59.99,899.99,59.99,74.39,71.99,64.99,69.99,59.99,64.99,59.99,299.99,64.99,69.99,64.99,4490,64.99,129.99,59.99,59.99,59.99,219.99,695,64.99,69.99,64.99,59.99,59.99,60,59.99,75000,39900,59.99,388,229900,59.99,22990,64.99,1590,59.99,399.99,129900,499,64.99,64.99,64.99,59.99,59.99,59.99,59.99,69.99,54.99,59.99,64.99,59.99,999.99,59.99,69.99,64.99,59.99,1099,64.99,21900,59.99,64.99,59.99,649,64.99,59.99,64.99,99.99,59.99,54.99,59.99,64.99,59.99,59.99,64.99,199.9,9500,279.99
64.99,418,488,2190,94.98,279.9,3290,99.99,69.99,8000,89.99,249.9,1900,1399000,69.99,64.99,64.99,549.99,22990,229.99,949000,69.99,229.9,229.99,5200,64.99,999.99,64.99,80.59,77.99,69.99,79.99,64.99,69.99,64.99,329.99,69.99,79.99,69.99,4990,69.99,139.99,64.99,64.99,64.99,229.99,795,69.99,79.99,69.99,64.99,64.99,65,64.99,79000,42900,64.99,418,249900,64.99,24990,69.99,1690,64.99,449.99,139900,549,69.99,69.99,69.99,64.99,64.99,64.99,64.99,79.99,59.99,64.99,69.99,64.99,1099.99,64.99,79.99,69.99,64.99,1199,69.99,22900,64.99,69.99,64.99,699,69.99,64.99,69.99,109.99,64.99,59.99,64.99,69.99,64.99,64.99,69.99,209.9,9900,299.99
69.99,448,548,2290,98.98,299.9,3490,109.99,74.99,8500,99.99,259.9,2100,1499000,74.99,69.99,69.99,599.99,24990,249.99,999000,74.99,249.9,249.99,5500,69.99,1099.99,69.99,86.79,83.99,74.99,84.99,69.99,74.99,69.99,349.99,74.99,84.99,74.99,5490,74.99,149.99,69.99,69.99,69.99,249.99,849,74.99,84.99,74.99,69.99,69.99,70,69.99,89000,44900,69.99,448,259900,69.99,27990,74.99,1790,69.99,479.99,149900,599,74.99,74.99,74.99,69.99,69.99,69.99,69.99,84.99,64.99,69.99,74.99,69.99,1199.99,69.99,84.99,74.99,69.99,1299,74.99,24900,69.99,74.99,69.99,749,74.99,69.99,74.99,119.99,69.99,64.99,69.99,74.99,69.99,69.99,74.99,229.9,10900,329.99
74.99,488,588,2490,104.98,329.9,3790,119.99,79.99,9000,104.99,279.9,2300,1699000,79.99,74.99,74.99,649.99,27990,279.99,1099000,79.99,259.9,279.99,5900,74.99,1199.99,74.99,92.99,89.99,79.99,89.99,74.99,79.99,74.99,379.99,79.99,89.99,79.99,5790,79.99,159.99,74.99,74.99,74.99,279.99,895,79.99,89.99,79.99,74.99,74.99,75,74.99,95000,47900,74.99,488,279900,74.99,29990,79.99,1990,74.99,499.99,159900,649,79.99,79.99,79.99,74.99,74.99,74.99,74.99,89.99,67.99,74.99,79.99,74.99,1249.99,74.99,89.99,79.99,74.99,1399,79.99,26900,74.99,79.99,74.99,799,79.99,74.99,79.99,129.99,74.99,69.99,74.99,79.99,74.99,74.99,79.99,249.9,11900,349.99
79.99,518,618,2690,108.98,349.9,3990,124.99,89.99,10000,109.99,299.9,2500,1799000,89.99,79.99,79.99,699.99,29990,299.99,1199000,89.99,279.9,299.99,6200,79.99,1249.99,79.99,99.19,95.99,89.99,94.99,79.99,89.99,79.99,399.99,89.99,94.99,89.99,5990,89.99,169.99,79.99,79.99,79.99,299.99,949,89.99,94.99,89.99,79.99,79.99,80,79.99,99000,49900,79.99,518,299900,79.99,30990,89.99,2090,79.99,549.99,179900,699,89.99,89.99,89.99,79.99,79.99,79.99,79.99,94.99,69.99,79.99,89.99,79.99,1299.99,79.99,94.99,89.99,79.99,1499,89.99,29900,79.99,89.99,79.99,849,89.99,79.99,89.99,139.99,79.99,74.99,79.99,89.99,79.99,79.99,89.99,259.9,12500,379.99
84.99,548,648,2790,118.98,369.9,4290,129.99,94.99,10500,114.99,309.9,2600,1899000,94.99,84.99,84.99,749.99,30990,319.99,1249000,94.99,299.9,319.99,6500,84.99,1299.99,84.99,105.39,101.99,94.99,99.99,84.99,94.99,84.99,429.99,94.99,99.99,94.99,6490,94.99,179.99,84.99,84.99,84.99,319.99,995,94.99,99.99,94.99,84.99,84.99,85,84.99,105000,54900,84.99,548,319900,84.99,32990,94.99,2190,84.99,579.99,189900,749,94.99,94.99,94.99,84.99,84.99,84.99,84.99,99.99,74.99,84.99,94.99,84.99,1399.99,84.99,99.99,94.99,84.99,1599,94.99,30900,84.99,94.99,84.99,899,94.99,84.99,94.99,144.99,84.99,79.99,84.99,94.99,84.99,84.99,94.99,279.9,12900,399.99
89.99,588,688,2990,128.98,379.9,4490,139.99,99.99,11000,119.99,329.9,2700,1999000,99.99,89.99,89.99,799.99,32990,329.99,1299000,99.99,319.9,329.99,6900,89.99,1399.99,89.99,111.59,107.99,99.99,109.99,89.99,99.99,89.99,449.99,99.99,109.99,99.99,6990,99.99,189.99,89.99,89.99,89.99,329.99,1095,99.99,109.99,99.99,89.99,89.99,90,89.99,109000,59900,89.99,588,329900,89.99,34990,99.99,2290,89.99,599.99,199900,799,99.99,99.99,99.99,89.99,89.99,89.99,89.99,109.99,79.99,89.99,99.99,89.99,1499.99,89.99,109.99,99.99,89.99,1699,99.99,32900,89.99,99.99,89.99,949,99.99,89.99,99.99,149.99,89.99,84.99,89.99,99.99,89.99,89.99,99.99,299.9,13900,429.99
94.99,618,748,3190,138.98,389.9,4790,149.99,104.99,11500,129.99,349.9,2900,2099000,104.99,94.99,94.99,849.99,34990,349.99,1399000,104.99,329.9,349.99,7500,94.99,1449.99,94.99,117.79,113.99,104.99,114.99,94.99,104.99,94.99,479.99,104.99,114.99,104.99,7290,104.99,199.99,94.99,94.99,94.99,349.99,1149,104.99,114.99,104.99,94.99,94.99,95,94.99,115000,64900,94.99,618,349900,94.99,37990,104.99,2390,94.99,649.99,209900,849,104.99,104.99,104.99,94.99,94.99,94.99,94.99,114.99,84.99,94.99,104.99,94.99,1599.99,94.99,114.99,104.99,94.99,1799,104.99,34900,94.99,104.99,94.99,999,104.99,94.99,104.99,159.99,94.99,89.99,94.99,104.99,94.99,94.99,104.99,309.9,14900,449.99
99.99,648,788,3290,148.98,399.9,4990,159.99,109.99,12000,139.99,379.9,3000,2199000,109.99,99.99,99.99,899.99,36990,369.99,1499000,109.99,349.9,369.99,7900,99.99,1499.99,99.99,123.99,119.99,109.99,119.99,99.99,109.99,99.99,499.99,109.99,119.99,109.99,7490,109.99,219.99,99.99,99.99,99.99,369.99,1195,109.99,119.99,109.99,99.99,99.99,100,99.99,119000,69900,99.99,648,379900,99.99,39990,109.99,2490,99.99,699.99,219900,899,109.99,109.99,109.99,99.99,99.99,99.99,99.99,119.99,89.99,99.99,109.99,99.99,1699.99,99.99,119.99,109.99,99.99,1899,109.99,35900,99.99,109.99,99.99,1090,109.99,99.99,109.99,169.99,99.99,99.99,99.99,109.99,99.99,99.99,109.99,329.9,15900,479.99
109.99,698,848,3690,158.98,449.9,5490,169.99,119.99,13000,149.99,399.9,3300,2299000,119.99,109.99,109.99,949.99,39990,399.99,1599000,119.99,399.9,399.99,8500,109.99,1699.99,109.99,136.39,131.99,119.99,129.99,109.99,119.99,109.99,549.99,119.99,129.99,119.99,8490,119.99,229.99,109.99,109.99,109.99,399.99,1295,119.99,129.99,119.99,109.99,109.99,110,109.99,129000,74900,109.99,698,399900,109.99,42990,119.99,2790,109.99,749.99,229900,949,119.99,119.99,119.99,109.99,109.99,109.99,109.99,129.99,99.99,109.99,119.99,109.99,1799.99,109.99,129.99,119.99,109.99,1999,119.99,39900,109.99,119.99,109.99,1190,119.99,109.99,119.99,189.99,109.99,109.99,109.99,119.99,109.99,109.99,119.99,349.9,16900,529.99
119.99,798,888,3990,168.98,499.9,5990,179.99,129.99,14000,159.99,449.9,3500,2499000,129.99,119.99,119.99,999.99,42990,429.99,1799000,129.99,429.9,429.99,8900,119.99,1799.99,119.99,148.79,143.99,129.99,139.99,119.99,129.99,119.99,599.99,129.99,139.99,129.99,8990,129.99,249.99,119.99,119.99,119.99,429.99,1395,129.99,139.99,129.99,119.99,119.99,120,119.99,139000,79900,119.99,798,449900,119.99,44990,129.99,2990,119.99,799.99,249900,999,129.99,129.99,129.99,119.99,119.99,119.99,119.99,139.99,109.99,119.99,129.99,119.99,1999.99,119.99,139.99,129.99,119.99,2299,129.99,42900,119.99,129.99,119.99,1250,129.99,119.99,129.99,199.99,119.99,119.99,119.99,129.99,119.99,119.99,129.99,399.9,17900,549.99
124.99,818,988,4190,178.98,529.9,6290,189.99,139.99,15000,169.99,479.9,3700,2799000,139.99,124.99,124.99,1049.99,44990,449.99,1849000,139.99,449.9,449.99,9500,124.99,1899.99,124.99,154.99,149.99,139.99,149.99,124.99,139.99,124.99,629.99,139.99,149.99,139.99,9490,139.99,269.99,124.99,124.99,124.99,449.99,1495,139.99,149.99,139.99,124.99,124.99,125,124.99,149000,84900,124.99,818,479900,124.99,47990,139.99,3190,124.99,849.99,269900,1049,139.99,139.99,139.99,124.99,124.99,124.99,124.99,149.99,109.99,124.99,139.99,124.99,2099.99,124.99,149.99,139.99,124.99,2399,139.99,44900,124.99,139.99,124.99,1290,139.99,124.99,139.99,219.99,124.99,124.99,124.99,139.99,124.99,124.99,139.99,409.9,18900,599.99
129.99,848,1048,4290,188.98,549.9,6490,199.99,149.99,16000,179.99,499.9,3900,2999000,149.99,129.99,129.99,1099.99,47990,479.99,1899000,149.99,459.9,479.99,9900,129.99,1999.99,129.99,161.19,155.99,149.99,159.99,129.99,149.99,129.99,649.99,149.99,159.99,149.99,9990,149.99,279.99,129.99,129.99,129.99,479.99,1595,149.99,159.99,149.99,129.99,129.99,130,129.99,159000,89900,129.99,848,499900,129.99,49990,149.99,3390,129.99,899.99,279900,1099,149.99,149.99,149.99,129.99,129.99,129.99,129.99,159.99,119.99,129.99,149.99,129.99,2199.99,129.99,159.99,149.99,129.99,2499,149.99,47900,129.99,149.99,129.99,1390,149.99,129.99,149.99,229.99,129.99,129.99,129.99,149.99,129.99,129.99,149.99,429.9,19900,629.99
139.99,898,1088,4790,198.98,579.9,6990,219.99,159.99,17000,199.99,529.9,4200,3099000,159.99,139.99,139.99,1199.99,49990,499.99,1999000,159.99,499.9,499.99,10900,139.99,2199.99,139.99,173.59,167.99,159.99,169.99,139.99,159.99,139.99,699.99,159.99,169.99,159.99,10990,159.99,299.99,139.99,139.99,139.99,499.99,1695,159.99,169.99,159.99,139.99,139.99,140,139.99,169000,94900,139.99,898,529900,139.99,54990,159.99,3590,139.99,949.99,299900,1199,159.99,159.99,159.99,139.99,139.99,139.99,139.99,169.99,129.99,139.99,159.99,139.99,2299.99,139.99,169.99,159.99,139.99,2699,159.99,49900,139.99,159.99,139.99,1490,159.99,139.99,159.99,239.99,139.99,139.99,139.99,159.99,139.99,139.99,159.99,449.9,21900,649.99
149.99,998,1188,4990,218.98,599.9,7490,229.99,169.99,18000,209.99,549.9,4500,3299000,169.99,149.99,149.99,1299.99,54990,549.99,2199000,169.99,539.9,549.99,11900,149.99,2299.99,149.99,185.99,179.99,169.99,179.99,149.99,169.99,149.99,749.99,169.99,179.99,169.99,11490,169.99,329.99,149.99,149.99,149.99,549.99,1795,169.99,179.99,169.99,149.99,149.99,150,149.99,179000,99900,149.99,998,549900,149.99,57990,169.99,3790,149.99,999.99,329900,1299,169.99,169.99,169.99,149.99,149.99,149.99,149.99,179.99,139.99,149.99,169.99,149.99,2499.99,149.99,179.99,169.99,149.99,2899,169.99,54900,149.99,169.99,149.99,1590,169.99,149.99,169.99,249.99,149.99,149.99,149.99,169.99,149.99,149.99,169.99,479.9,22900,699.99
159.99,1048,1248,5390,228.98,649.9,7990,249.99,179.99,19000,219.99,599.9,4700,3499000,179.99,159.99,159.99,1399.99,57990,579.99,2399000,179.99,559.9,579.99,12500,159.99,2499.99,159.99,198.39,191.99,179.99,189.99,159.99,179.99,159.99,799.99,179.99,189.99,179.99,11990,179.99,349.99,159.99,159.99,159.99,579.99,1895,179.99,189.99,179.99,159.99,159.99,160,159.99,199000,104900,159.99,1048,599900,159.99,59990,179.99,3990,159.99,1099.99,349900,1399,179.99,179.99,179.99,159.99,159.99,159.99,159.99,189.99,144.99,159.99,179.99,159.99,2699.99,159.99,189.99,179.99,159.99,2999,179.99,57900,159.99,179.99,159.99,1690,179.99,159.99,179.99,279.99,159.99,159.99,159.99,179.99,159.99,159.99,179.99,499.9,24900,749.99
169.99,1098,1288,5490,238.98,699.9,8490,259.99,189.99,20000,229.99,629.9,4900,3799000,189.99,169.99,169.99,1449.99,59990,599.99,2499000,189.99,599.9,599.99,12900,169.99,2599.99,169.99,210.79,203.99,189.99,199.99,169.99,189.99,169.99,849.99,189.99,199.99,189.99,12990,189.99,369.99,169.99,169.99,169.99,599.99,1995,189.99,199.99,189.99,169.99,169.99,170,169.99,209000,109900,169.99,1098,629900,169.99,64990,189.99,4290,169.99,1149.99,379900,1449,189.99,189.99,189.99,169.99,169.99,169.99,169.99,199.99,149.99,169.99,189.99,169.99,2799.99,169.99,199.99,189.99,169.99,3299,189.99,59900,169.99,189.99,169.99,1750,189.99,169.99,189.99,289.99,169.99,169.99,169.99,189.99,169.99,169.99,189.99,549.9,25900,799.99
174.99,1148,1388,5690,248.98,729.9,8790,269.99,199.99,21000,239.99,649.9,5200,3899000,199.99,174.99,174.99,1499.99,62990,649.99,2599000,199.99,619.9,649.99,13500,174.99,2699.99,174.99,216.99,209.99,199.99,209.99,174.99,199.99,174.99,879.99,199.99,209.99,199.99,13490,199.99,379.99,174.99,174.99,174.99,649.99,2095,199.99,209.99,199.99,174.99,174.99,175,174.99,219000,114900,174.99,1148,649900,174.99,67990,199.99,4490,174.99,1199.99,389900,1499,199.99,199.99,199.99,174.99,174.99,174.99,174.99,209.99,159.99,174.99,199.99,174.99,2899.99,174.99,209.99,199.99,174.99,3399,199.99,62900,174.99,199.99,174.99,1790,199.99,174.99,199.99,299.99,174.99,174.99,174.99,199.99,174.99,174.99,199.99,579.9,26900,829.99
179.99,1198,1448,5990,258.98,749.9,8990,279.99,209.99,22000,249.99,679.9,5500,3999000,209.99,179.99,179.99,1549.99,64990,679.99,2699000,209.99,639.9,679.99,13900,179.99,2799.99,179.99,223.19,215.99,209.99,219.99,179.99,209.99,179.99,899.99,209.99,219.99,209.99,13990,209.99,399.99,179.99,179.99,179.99,679.99,2195,209.99,219.99,209.99,179.99,179.99,180,179.99,229000,119900,179.99,1198,679900,179.99,69990,209.99,4790,179.99,1249.99,399900,1549,209.99,209.99,209.99,179.99,179.99,179.99,179.99,219.99,164.99,179.99,209.99,179.99,2999.99,179.99,219.99,209.99,179.99,3499,209.99,64900,179.99,209.99,179.99,1890,209.99,179.99,209.99,309.99,179.99,179.99,179.99,209.99,179.99,179.99,209.99,599.9,27900,849.99
189.99,1248,1488,6290,268.98,779.9,9490,299.99,219.99,23000,259.99,699.9,5700,4299000,219.99,189.99,189.99,1599.99,69990,699.99,2799000,219.99,679.9,699.99,14900,189.99,2899.99,189.99,235.59,227.99,219.99,229.99,189.99,219.99,189.99,949.99,219.99,229.99,219.99,14490,219.99,409.99,189.99,189.99,189.99,699.99,2295,219.99,229.99,219.99,189.99,189.99,190,189.99,239000,124900,189.99,1248,699900,189.99,74990,219.99,4990,189.99,1299.99,429900,1599,219.99,219.99,219.99,189.99,189.99,189.99,189.99,229.99,169.99,189.99,219.99,189.99,3199.99,189.99,229.99,219.99,189.99,3699,219.99,69900,189.99,219.99,189.99,1990,219.99,189.99,219.99,329.99,189.99,189.99,189.99,219.99,189.99,189.99,219.99,629.9,29900,899.99
199.99,1298,1588,6590,288.98,799.9,9990,319.99,229.99,24000,279.99,749.9,5900,4499000,229.99,199.99,199.99,1699.99,72990,749.99,2999000,229.99,699.9,749.99,15500,199.99,2999.99,199.99,247.99,239.99,229.99,239.99,199.99,229.99,199.99,999.99,229.99,239.99,229.99,14990,229.99,429.99,199.99,199.99,199.99,749.99,2395,229.99,239.99,229.99,199.99,199.99,200,199.99,249000,129900,199.99,1298,749900,199.99,77990,229.99,5290,199.99,1349.99,449900,1699,229.99,229.99,229.99,199.99,199.99,199.99,199.99,239.99,179.99,199.99,229.99,199.99,3299.99,199.99,239.99,229.99,199.99,3799,229.99,72900,199.99,229.99,199.99,2190,229.99,199.99,229.99,349.99,199.99,199.99,199.99,229.99,199.99,199.99,229.99,649.9,31900,949.99
209.99,1398,1648,6890,298.98,849.9,10490,329.99,239.99,25400,289.99,799.9,6200,4799000,239.99,209.99,209.99,1799.99,74990,779.99,3099000,239.99,739.9,779.99,15900,209.99,3199.99,209.99,260.39,251.99,239.99,249.99,209.99,239.99,209.99,1049.99,239.99,249.99,239.99,15990,239.99,449.99,209.99,209.99,209.99,779.99,2495,239.99,249.99,239.99,209.99,209.99,210,209.99,259000,134900,209.99,1398,779900,209.99,79990,239.99,5490,209.99,1399.99,459900,1799,239.99,239.99,239.99,209.99,209.99,209.99,209.99,249.99,189.99,209.99,239.99,209.99,3499.99,209.99,249.99,239.99,209.99,3999,239.99,74900,209.99,239.99,209.99,2290,239.99,209.99,239.99,359.99,209.99,209.99,209.99,239.99,209.99,209.99,239.99,679.9,32900,999.99
219.99,1448,1688,7190,318.98,899.9,10990,349.99,249.99,27400,299.99,829.9,6500,4999000,249.99,219.99,219.99,1899.99,79990,799.99,3199000,249.99,779.9,799.99,16900,219.99,3299.99,219.99,272.79,263.99,249.99,259.99,219.99,249.99,219.99,1099.99,249.99,259.99,249.99,16990,249.99,479.99,219.99,219.99,219.99,799.99,2595,249.99,259.99,249.99,219.99,219.99,220,219.99,269000,139900,219.99,1448,799900,219.99,84990,249.99,5790,219.99,1499.99,479900,1899,249.99,249.99,249.99,219.99,219.99,219.99,219.99,259.99,199.99,219.99,249.99,219.99,3699.99,219.99,259.99,249.99,219.99,4199,249.99,79900,219.99,249.99,219.99,2390,249.99,219.99,249.99,379.99,219.99,219.99,219.99,249.99,219.99,219.99,249.99,699.9,34900,1049.99
229.99,1498,1788,7490,328.98,949.9,11490,359.99,259.99,28400,319.99,849.9,6900,5299000,259.99,229.99,229.99,1949.99,84990,849.99,3399000,259.99,799.9,849.99,17900,229.99,3499.99,229.99,285.19,275.99,259.99,279.99,229.99,259.99,229.99,1149.99,259.99,279.99,259.99,17490,259.99,499.99,229.99,229.99,229.99,849.99,2795,259.99,279.99,259.99,229.99,229.99,230,229.99,279000,149900,229.99,1498,849900,229.99,89990,259.99,5990,229.99,1599.99,499900,1949,259.99,259.99,259.99,229.99,229.99,229.99,229.99,279.99,209.99,229.99,259.99,229.99,3799.99,229.99,279.99,259.99,229.99,4499,259.99,82900,229.99,259.99,229.99,2490,259.99,229.99,259.99,399.99,229.99,229.99,229.99,259.99,229.99,229.99,259.99,749.9,35900,1099.99
239.99,1598,1848,7790,338.98,999.9,11990,379.99,269.99,29400,329.99,899.9,7200,5499000,269.99,239.99,239.99,1999.99,87990,879.99,3499000,269.99,859.9,879.99,18900,239.99,3799.99,239.99,297.59,287.99,269.99,289.99,239.99,269.99,239.99,1199.99,269.99,289.99,269.99,17990,269.99,529.99,239.99,239.99,239.99,879.99,2895,269.99,289.99,269.99,239.99,239.99,240,239.99,299000,159900,239.99,1598,899900,239.99,94990,269.99,6290,239.99,1699.99,529900,1999,269.99,269.99,269.99,239.99,239.99,239.99,239.99,289.99,219.99,239.99,269.99,239.99,3999.99,239.99,289.99,269.99,239.99,4799,269.99,84900,239.99,269.99,239.99,2590,269.99,239.99,269.99,429.99,239.99,239.99,239.99,269.99,239.99,239.99,269.99,799.9,36900,1149.99
249.99,1648,1888,8390,348.98,1049.9,12490,399.99,279.99,30400,349.99,999.9,7500,5799000,279.99,249.99,249.99,2299.99,89990,899.99,3599000,279.99,899.9,899.99,19900,249.99,3999.99,249.99,309.99,299.99,279.99,299.99,249.99,279.99,249.99,1249.99,279.99,299.99,279.99,18990,279.99,549.99,249.99,249.99,249.99,899.99,2995,279.99,299.99,279.99,249.99,249.99,250,249.99,309000,169900,249.99,1648,949900,249.99,99990,279.99,6490,249.99,1799.99,549900,2099,279.99,279.99,279.99,249.99,249.99,249.99,249.99,299.99,229.99,249.99,279.99,249.99,4199.99,249.99,299.99,279.99,249.99,4999,279.99,89900,249.99,279.99,249.99,2690,279.99,249.99,279.99,449.99,249.99,249.99,249.99,279.99,249.99,249.99,279.99,849.9,39900,1199.99
299.99,1998,2288,9990,448.98,1299.9,14990,499.99,329.99,36800,399.99,1099.9,8900,6999000,329.99,299.99,299.99,2499.99,99990,1099.99,4399000,329.99,999.9,1099.99,24900,299.99,4999.99,299.99,371.99,359.99,329.99,349.99,299.99,329.99,299.99,1499.99,329.99,349.99,329.99,22990,329.99,649.99,299.99,299.99,299.99,1099.99,3695,329.99,349.99,329.99,299.99,299.99,300,299.99,369000,199900,299.99,1998,1099900,299.99,119990,329.99,7990,299.99,1999.99,649900,2499,329.99,329.99,329.99,299.99,299.99,299.99,299.99,349.99,269.99,299.99,329.99,299.99,4799.99,299.99,349.99,329.99,299.99,5999,329.99,99900,299.99,329.99,299.99,3290,329.99,299.99,329.99,499.99,299.99,299.99,299.99,329.99,299.99,299.99,329.99,999.9,44900,1399.99
349.99,2298,2688,11900,488.98,1499.9,17490,549.99,399.99,43800,499.99,1299.9,10900,7999000,399.99,349.99,349.99,2999.99,129990,1299.99,4999000,399.99,1199.9,1299.99,27900,349.99,5499.99,349.99,433.99,419.99,399.99,399.99,349.99,399.99,349.99,1799.99,399.99,399.99,399.99,26990,399.99,749.99,349.99,349.99,349.99,1299.99,4295,399.99,399.99,399.99,349.99,349.99,350,349.99,450000,229900,349.99,2298,1299900,349.99,139990,399.99,8990,349.99,2499.99,749900,2999,399.99,399.99,399.99,349.99,349.99,349.99,349.99,399.99,329.99,349.99,399.99,349.99,5499.99,349.99,399.99,399.99,349.99,6999,399.99,129900,349.99,399.99,349.99,3790,399.99,349.99,399.99,599.99,349.99,349.99,349.99,399.99,349.99,349.99,399.99,1099.9,54900,1699.99
399.99,2598,3088,12900,588.98,1699.9,19990,599.99,449.99,49800,549.99,1499.9,11900,8999000,449.99,399.99,399.99,3499.99,149990,1499.99,5899000,449.99,1399.9,1499.99,29900,399.99,5999.99,399.99,495.99,479.99,449.99,449.99,399.99,449.99,399.99,1999.99,449.99,449.99,449.99,29990,449.99,899.99,399.99,399.99,399.99,1499.99,4995,449.99,449.99,449.99,399.99,399.99,400,399.99,490000,269900,399.99,2598,1499900,399.99,149990,449.99,9990,399.99,2799.99,899900,3499,449.99,449.99,449.99,399.99,399.99,399.99,399.99,449.99,349.99,399.99,449.99,399.99,6499.99,399.99,449.99,449.99,399.99,7999,449.99,139900,399.99,449.99,399.99,4290,449.99,399.99,449.99,699.99,399.99,399.99,399.99,449.99,399.99,399.99,449.99,1299.9,59900,1899.99
449.99,2998,3488,14900,648.98,1799.9,22490,699.99,499.99,55800,599.99,1699.9,13900,9999000,499.99,449.99,449.99,3999.99,169990,1599.99,6599000,499.99,1599.9,1599.99,34900,449.99,6999.99,449.99,557.99,539.99,499.99,499.99,449.99,499.99,449.99,2299.99,499.99,499.99,499.99,34990,499.99,999.99,449.99,449.99,449.99,1599.99,5495,499.99,499.99,499.99,449.99,449.99,450,449.99,550000,299900,449.99,2998,1699900,449.99,179990,499.99,11990,449.99,2999.99,999900,3999,499.99,499.99,499.99,449.99,449.99,449.99,449.99,499.99,399.99,449.99,499.99,449.99,7499.99,449.99,499.99,499.99,449.99,8999,499.99,149900,449.99,499.99,449.99,4790,499.99,449.99,499.99,799.99,449.99,449.99,449.99,499.99,449.99,449.99,499.99,1499.9,69900,1999.99
499.99,3298,3888,16900,688.98,1999.9,24990,799.99,599.99,59800,699.99,1999.9,14900,10999000,599.99,499.99,499.99,4499.99,179990,1799.99,7399000,599.99,1799.9,1799.99,39900,499.99,7999.99,499.99,619.99,599.99,599.99,599.99,499.99,599.99,499.99,2499.99,599.99,599.99,599.99,37990,599.99,1099.99,499.99,499.99,499.99,1799.99,5995,599.99,599.99,599.99,499.99,499.99,500,499.99,590000,349900,499.99,3298,1899900,499.99,199990,599.99,13990,499.99,3499.99,1099900,4499,599.99,599.99,599.99,499.99,499.99,499.99,499.99,599.99,449.99,499.99,599.99,499.99,8499.99,499.99,599.99,599.99,499.99,9999,599.99,199900,499.99,599.99,499.99,5490,599.99,499.99,599.99,899.99,499.99,499.99,499.99,599.99,499.99,499.99,599.99,1699.9,79900,2299.99
599.99,3998,4488,19900,888.98,2499.9,29990,899.99,699.99,74800,849.99,2299.9,17900,12999000,699.99,599.99,599.99,4999.99,229990,2199.99,8999000,699.99,1999.9,2199.99,44900,599.99,9999.99,599.99,743.99,719.99,699.99,699.99,599.99,699.99,599.99,2999.99,699.99,699.99,699.99,44990,699.99,1299.99,599.99,599.99,599.99,2199.99,7495,699.99,699.99,699.99,599.99,599.99,600,599.99,750000,399900,599.99,3998,2299900,599.99,229990,699.99,14990,599.99,3999.99,1299000,4999,699.99,699.99,699.99,599.99,599.99,599.99,599.99,699.99,499.99,599.99,699.99,599.99,9499.99,599.99,699.99,699.99,599.99,10999,699.99,229900,599.99,699.99,599.99,6490,699.99,599.99,699.99,999.99,599.99,599.99,599.99,699.99,599.99,599.99,699.99,1999.9,89900,2799.99
699.99,4498,4988,22900,988.98,2999.9,34990,1099.99,799.99,89800,999.99,2499.9,20900,14999000,799.99,699.99,699.99,5999.99,249990,2499.99,9999000,799.99,2399.9,2499.99,54900,699.99,10999.99,699.99,867.99,839.99,799.99,799.99,699.99,799.99,699.99,3499.99,799.99,799.99,799.99,54990,799.99,1499.99,699.99,699.99,699.99,2499.99,8495,799.99,799.99,799.99,699.99,699.99,700,699.99,890000,449900,699.99,4498,2499900,699.99,279990,799.99,17990,699.99,4999.99,1499000,5999,799.99,799.99,799.99,699.99,699.99,699.99,699.99,799.99,599.99,699.99,799.99,699.99,11999.99,699.99,799.99,799.99,699.99,12999,799.99,249900,699.99,799.99,699.99,7490,799.99,699.99,799.99,1199.99,699.99,699.99,699.99,799.99,699.99,699.99,799.99,2299.9,99900,3299.99
799.99,4998,5988,26900,1088.98,3499.9,39990,1249.99,899.99,99800,1099.99,2999.9,24900,17999000,899.99,799.99,799.99,6999.99,299990,2999.99,11999000,899.99,2999.9,2999.99,59900,799.99,12999.99,799.99,991.99,959.99,899.99,999.99,799.99,899.99,799.99,3999.99,899.99,999.99,899.99,59990,899.99,1799.99,799.99,799.99,799.99,2999.99,9495,899.99,999.99,899.99,799.99,799.99,800,799.99,990000,549900,799.99,4998,2999900,799.99,299990,899.99,19990,799.99,5499.99,1799000,6999,899.99,899.99,899.99,799.99,799.99,799.99,799.99,999.99,699.99,799.99,899.99,799.99,12999.99,799.99,999.99,899.99,799.99,14999,899.99,279900,799.99,899.99,799.99,8490,899.99,799.99,899.99,1399.99,799.99,799.99,799.99,899.99,799.99,799.99,899.99,2499.9,129900,3799.99
899.99,5898,6988,29900,1288.98,3799.9,44990,1399.99,999.99,109800,1199.99,3299.9,27900,19999000,999.99,899.99,899.99,7999.99,329990,3299.99,12999000,999.99,3199.9,3299.99,69900,899.99,13999.99,899.99,1115.99,1079.99,999.99,1099.99,899.99,999.99,899.99,4499.99,999.99,1099.99,999.99,69990,999.99,1999.99,899.99,899.99,899.99,3299.99,10995,999.99,1099.99,999.99,899.99,899.99,900,899.99,1090000,599900,899.99,5898,3299900,899.99,349990,999.99,22990,899.99,5999.99,1999000,7999,999.99,999.99,999.99,899.99,899.99,899.99,899.99,1099.99,799.99,899.99,999.99,899.99,14999.99,899.99,1099.99,999.99,899.99,16999,999.99,299900,899.99,999.99,899.99,9490,999.99,899.99,999.99,1499.99,899.99,899.99,899.99,999.99,899.99,899.99,999.99,2999.9,139900,4299.99
999.99,6498,7888,32900,1488.98,3999.9,49990,1599.99,1099.99,119800,1399.99,3799.9,31900,21999000,1099.99,999.99,999.99,8999.99,349990,3699.99,14999000,1099.99,3599.9,3699.99,79900,999.99,14999.99,999.99,1239.99,1199.99,1099.99,1199.99,999.99,1099.99,999.99,4999.99,1099.99,1199.99,1099.99,74990,1099.99,2199.99,999.99,999.99,999.99,3699.99,11995,1099.99,1199.99,1099.99,999.99,999.99,1000,999.99,1190000,649900,999.99,6498,3799900,999.99,399990,1099.99,24990,999.99,6999.99,2199000,8999,1099.99,1099.99,1099.99,999.99,999.99,999.99,999.99,1199.99,899.99,999.99,1099.99,999.99,16999.99,999.99,1199.99,1099.99,999.99,18999,1099.99,349900,999.99,1099.99,999.99,10990,1099.99,999.99,1099.99,1699.99,999.99,999.99,999.99,1099.99,999.99,999.99,1099.99,3299.9,149900,4799.99
0.99,1,8,33,1.48,0.9,19,0.99,0.49,120,0.99,0.9,9,5000,0.49,0.99,0.99,2.99,99,3.69,3000,0.49,1.9,3.69,9,0.99,3.99,0.99,1.23,1.19,0.49,0.99,0.99,0.49,0.99,1.99,0.49,0.99,0.49,15,0.49,0.49,0.99,0.99,0.99,3.69,10,0.49,0.99,0.49,0.99,0.99,1,0.99,500,290,0.99,1,900,0.99,99,0.49,9,0.99,1.99,500,5,0.49,0.49,0.49,0.99,0.99,0.99,0.99,0.99,0.49,0.99,0.49,0.99,4.99,0.99,0.99,0.49,0.99,5,0.49,150,0.99,0.49,0.99,11,0.49,0.99,0.49,0.99,0.99,0.49,0.99,0.49,0.99,0.99,0.49,0.9,30,1.99
0.99,3,8,33,1.48,1.9,29,0.99,0.99,120,0.99,1.9,19,9000,0.99,0.99,0.99,4.99,199,3.69,5000,0.99,1.9,3.69,29,0.99,6.99,0.99,1.23,1.19,0.99,0.99,0.99,0.99,0.99,2.99,0.99,0.99,0.99,29,0.99,0.99,0.99,0.99,0.99,3.69,10,0.99,0.99,0.99,0.99,0.99,1,0.99,900,490,0.99,3,1900,0.99,199,0.99,19,0.99,2.99,1200,5,0.99,0.99,0.99,0.99,0.99,0.99,0.99,0.99,0.89,0.99,0.99,0.99,9.99,0.99,0.99,0.99,0.99,9,0.99,200,0.99,0.99,0.99,11,0.99,0.99,0.99,0.99,0.99,0.79,0.99,0.99,0.99,0.99,0.99,1.9,50,2.99
0.99,8,8,33,1.48,4.9,49,1.99,1.99,150,1.49,3.9,29,25000,1.99,0.99,0.99,8.99,349,3.99,15000,1.99,3.5,3.99,79,0.99,19.99,0.99,1.23,1.19,1.99,1.19,0.99,1.99,0.99,4.99,1.99,1.19,1.99,75,1.99,1.99,0.99,0.99,0.99,3.99,12,1.99,1.19,1.99,0.99,0.99,1,0.99,1200,690,0.99,8,3900,0.99,399,1.99,25,0.99,6.99,2200,9,1.99,1.99,1.99,0.99,0.99,0.99,0.99,1.19,0.99,0.99,1.99,0.99,16.99,0.99,1.19,1.99,0.99,19,1.99,350,0.99,1.99,0.99,11,1.99,0.99,1.99,1.99,0.99,0.99,0.99,1.99,0.99,0.99,1.99,3.5,150,4.99
1.99,12,18,70,2.98,9.9,99,3.99,2.99,250,2.99,7.9,59,45000,2.99,1.99,1.99,16.99,699,7.99,29000,2.99,6.9,7.99,159,1.99,39.99,1.99,2.47,2.39,2.99,2.49,1.99,2.99,1.99,9.99,2.99,2.49,2.99,169,2.99,4.49,1.99,1.99,1.99,7.99,25,2.99,2.49,2.99,1.99,1.99,2,1.99,2500,1300,1.99,12,7900,1.99,799,2.99,49,1.99,12.99,4500,19,2.99,2.99,2.99,1.99,1.99,1.99,1.99,2.49,1.99,1.99,2.99,1.99,32.99,1.99,2.49,2.99,1.99,39,2.99,700,1.99,2.99,1.99,22,2.99,1.99,2.99,3.99,1.99,1.99,1.99,2.99,1.99,1.99,2.99,6.9,300,8.99
2.99,18,23,100,4.48,12.9,149,4.99,3.99,400,3.99,10.9,89,69000,3.99,2.99,2.99,24.99,1090,10.99,45000,3.99,10.9,10.99,249,2.99,49.99,2.99,3.71,3.59,3.99,3.49,2.99,3.99,2.99,14.99,3.99,3.49,3.99,249,3.99,6.49,2.99,2.99,2.99,10.99,40,3.99,3.49,3.99,2.99,2.99,3,2.99,3900,1900,2.99,18,10900,2.99,1190,3.99,79,2.99,19.99,6500,29,3.99,3.99,3.99,2.99,2.99,2.99,2.99,3.49,2.99,2.99,3.99,2.99,49.99,2.99,3.49,3.99,2.99,59,3.99,1100,2.99,3.99,2.99,33,3.99,2.99,3.99,4.99,2.99,2.99,2.99,3.99,2.99,2.99,3.99,9.9,450,13.99
3.99,28,28,130,5.98,16.9,199,6.99,4.99,500,5.49,14.9,119,99000,4.99,3.99,3.99,34.99,1490,14.99,59000,4.99,13.9,14.99,299,3.99,69.99,3.99,4.95,4.79,4.99,4.99,3.99,4.99,3.99,19.99,4.99,4.99,4.99,299,4.99,8.49,3.99,3.99,3.99,14.99,55,4.99,4.99,4.99,3.99,3.99,4,3.99,4900,2500,3.99,28,14900,3.99,1590,4.99,99,3.99,26.99,8900,39,4.99,4.99,4.99,3.99,3.99,3.99,3.99,4.99,3.99,3.99,4.99,3.99,64.99,3.99,4.99,4.99,3.99,79,4.99,1400,3.99,4.99,3.99,44,4.99,3.99,4.99,6.99,3.99,3.99,3.99,4.99,3.99,3.99,4.99,12.9,600,19.99
4.99,30,38,170,6.98,19.9,249,8.99,5.99,600,6.99,18.9,149,109000,5.99,4.99,4.99,42.99,1790,19.99,75000,5.99,17.9,19.99,399,4.99,79.99,4.99,6.19,5.99,5.99,5.99,4.99,5.99,4.99,24.99,5.99,5.99,5.99,399,5.99,10.99,4.99,4.99,4.99,19.99,65,5.99,5.99,5.99,4.99,4.99,5,4.99,5900,3500,4.99,30,18900,4.99,1990,5.99,129,4.99,34.99,10900,45,5.99,5.99,5.99,4.99,4.99,4.99,4.99,5.99,4.99,4.99,5.99,4.99,79.99,4.99,5.99,5.99,4.99,99,5.99,1900,4.99,5.99,4.99,59,5.99,4.99,5.99,8.99,4.99,4.99,4.99,5.99,4.99,4.99,5.99,16.9,750,23.99
